{
    "Aatrox": 2,
    "Ahri": 4,
    "Akali": 3,
    "Alistar": 1,
    "Amumu": 1,
    "Anivia": 4,
    "Annie": 4,
    "Ashe": 4,
    "AurelionSol": 4,
    "Azir": 4,
    "Bard": 1,
    "Blitzcrank": 1,
    "Brand": 4,
    "Braum": 1,
    "Caitlyn": 4,
    "Cassiopeia": 4,
    "Chogath": 2,
    "Corki": 4,
    "Darius": 2,
    "Diana": 3,
    "Draven": 4,
    "DrMundo": 1,
    "Ekko": 4,
    "Elise": 2,
    "Evelynn": 2,
    "Ezreal": 4,
    "FiddleSticks": 3,
    "Fiora": 3,
    "Fizz": 3,
    "Galio": 2,
    "Gangplank": 2,
    "Garen": 1,
    "Gnar": 1,
    "Gragas": 2,
    "Graves": 4,
    "Hecarim": 1,
    "Heimerdinger": 3,
    "Illaoi":  2,
    "Irelia": 2,
    "Ivern": 2,
    "Janna": 1,
    "JarvanIV": 1,
    "Jax": 2,
    "Jayce": 3,
    "Jhin": 4,
    "Jinx": 4,
    "Kalista": 4,
    "Karma": 4,
    "Karthus": 4,
    "Kassadin": 3,
    "Katarina": 4,
    "Kayle": 3,
    "Kennen": 4,
    "Khazix": 3,
    "Kindred": 4,
    "Kled": 2,
    "KogMaw": 4,
    "Leblanc": 4,
    "LeeSin": 2,
    "Leona": 1,
    "Lissandra": 3,
    "Lucian": 4,
    "Lulu": 1,
    "Lux": 4,
    "Malphite": 1,
    "Malzahar": 4,
    "Maokai": 2,
    "MasterYi": 4,
    "MissFortune": 4,
    "MonkeyKing": 1,
    "Mordekaiser": 3,
    "Morgana": 2,
    "Nami": 1,
    "Nasus": 1,
    "Nautilus": 1,
    "Nidalee": 3,
    "Nocturne": 2,
    "Nunu": 1,
    "Olaf": 1,
    "Orianna": 4,
    "Pantheon": 2,
    "Poppy": 2,
    "Quinn": 4,
    "Rammus": 1,
    "RekSai": 2,
    "Renekton": 1,
    "Rengar": 2,
    "Riven": 3,
    "Rumble": 2,
    "Ryze": 2,
    "Sejuani": 1,
    "Shaco": 3,
    "Shen": 1,
    "Shyvana": 1,
    "Singed": 1,
    "Sion": 1,
    "Sivir": 4,
    "Skarner": 1,
    "Sona": 1,
    "Soraka": 4,
    "Swain": 2,
    "Syndra": 4,
    "TahmKench": 1,
    "Taliyah": 3,
    "Talon": 4,
    "Taric": 1,
    "Teemo": 4,
    "Thresh": 1,
    "Tristana": 4,
    "Trundle": 2,
    "Tryndamere": 2,
    "TwistedFate": 4,
    "Twitch": 4,
    "Udyr": 2,
    "Urgot": 2,
    "Varus": 4,
    "Vayne": 4,
    "Veigar": 4,
    "Velkoz": 4,
    "Vi": 2,
    "Viktor": 4,
    "Vladimir": 3,
    "Volibear": 1,
    "Warwick": 1,
    "Xerath": 4,
    "XinZhao": 2,
    "Yasuo": 3,
    "Yorick": 1,
    "Zac": 1,
    "Zed": 4,
    "Ziggs": 4,
    "Zilean": 3,
    "Zyra": 1
}
